,X_English,X_French,X_Spanish,X_Portugeese,X_Italian,X_Russian,X_Sweedish,X_Dutch,X_Turkish,X_German,X_Danish,Total
5000,93.75,92.78688524590164,92.27642276422765,90.990990990991,95.71428571428571,99.03846153846153,95.07389162561576,93.90243902439025,91.60839160839161,94.32624113475177,87.59689922480621,93.54838709677419
6000,94.95192307692308,92.45901639344262,91.0569105691057,91.44144144144144,94.28571428571429,99.03846153846153,96.05911330049261,93.29268292682927,92.3076923076923,93.61702127659575,89.14728682170542,93.63217427733557
7000,93.26923076923077,93.11475409836065,92.6829268292683,93.69369369369369,95.23809523809524,99.03846153846153,94.08866995073892,93.90243902439025,93.7062937062937,94.32624113475177,89.14728682170542,93.88353581901968
8000,95.4326923076923,92.1311475409836,92.27642276422765,92.7927927927928,95.71428571428571,98.5576923076923,94.08866995073892,92.07317073170732,94.4055944055944,95.0354609929078,92.24806201550388,94.13489736070382
9000,93.99038461538461,94.09836065573771,92.27642276422765,96.3963963963964,96.19047619047619,99.03846153846153,94.58128078817734,93.90243902439025,95.1048951048951,94.32624113475177,90.69767441860465,94.63762044407206
10000,95.1923076923077,93.77049180327869,93.08943089430895,92.34234234234235,95.71428571428571,99.51923076923077,94.08866995073892,93.90243902439025,92.3076923076923,95.0354609929078,88.37209302325581,94.21868454126519
