,X_English,X_French,X_Spanish,X_Portugeese,X_Italian,X_Russian,X_Sweedish,X_Dutch,X_Turkish,X_German,X_Danish,Total
5000,92.54807692307692,92.45901639344262,89.83739837398375,91.44144144144144,92.85714285714286,96.15384615384616,94.08866995073892,92.6829268292683,86.7132867132867,95.0354609929078,86.82170542635659,92.12400502723084
6000,92.3076923076923,91.80327868852459,92.27642276422765,92.34234234234235,93.80952380952381,94.71153846153847,94.58128078817734,93.90243902439025,88.81118881118881,97.16312056737588,88.37209302325581,92.75240888144114
7000,93.02884615384616,91.80327868852459,91.0569105691057,91.44144144144144,91.9047619047619,97.59615384615384,94.08866995073892,96.95121951219512,88.1118881118881,95.0354609929078,88.37209302325581,92.75240888144114
8000,92.54807692307692,91.80327868852459,91.46341463414635,89.1891891891892,94.76190476190476,96.15384615384616,95.56650246305419,95.1219512195122,91.60839160839161,97.16312056737588,87.59689922480621,92.91998324256389
9000,93.02884615384616,92.45901639344262,92.27642276422765,91.44144144144144,95.23809523809524,95.67307692307692,94.58128078817734,93.90243902439025,88.81118881118881,97.16312056737588,89.14728682170542,93.12945119396733
10000,92.78846153846153,94.09836065573771,91.869918699187,92.34234234234235,93.80952380952381,96.15384615384616,94.58128078817734,93.29268292682927,88.1118881118881,96.45390070921985,92.24806201550388,93.29702555509007
