,X_English,X_French,X_Spanish,X_Portugeese,X_Italian,X_Russian,X_Sweedish,X_Dutch,X_Turkish,X_German,X_Danish,Total
5000,96.63461538461539,93.11475409836065,84.95934959349593,93.24324324324324,95.23809523809524,97.59615384615384,93.10344827586206,92.6829268292683,97.9020979020979,93.61702127659575,84.49612403100775,93.29702555509007
6000,95.4326923076923,94.42622950819673,86.17886178861788,93.24324324324324,94.28571428571429,97.11538461538461,92.11822660098522,93.90243902439025,98.6013986013986,96.45390070921985,88.37209302325581,93.67406786761626
7000,95.1923076923077,93.44262295081967,86.58536585365853,92.34234234234235,97.14285714285714,98.07692307692308,92.61083743842364,92.6829268292683,97.2027972027972,95.0354609929078,86.82170542635659,93.50649350649351
8000,95.67307692307692,93.44262295081967,84.95934959349593,92.7927927927928,95.71428571428571,99.03846153846153,94.08866995073892,92.6829268292683,98.6013986013986,93.61702127659575,85.27131782945736,93.46459991621282
9000,96.63461538461539,94.42622950819673,88.21138211382114,92.7927927927928,95.71428571428571,97.59615384615384,93.5960591133005,92.6829268292683,97.2027972027972,93.61702127659575,86.04651162790698,93.88353581901968
10000,95.91346153846153,91.80327868852459,86.99186991869918,93.69369369369369,97.61904761904762,98.07692307692308,94.58128078817734,94.51219512195122,97.9020979020979,95.0354609929078,85.27131782945736,93.88353581901968
