,X_English,X_French,X_Spanish,X_Portugeese,X_Italian,X_Russian,X_Sweedish,X_Dutch,X_Turkish,X_German,X_Danish,Total
5000,93.99038461538461,93.44262295081967,85.36585365853658,88.73873873873873,92.85714285714286,95.1923076923077,90.64039408866995,93.90243902439025,90.9090909090909,94.32624113475177,88.37209302325581,91.78885630498533
6000,95.67307692307692,93.44262295081967,88.21138211382114,90.990990990991,92.85714285714286,97.11538461538461,91.13300492610837,93.90243902439025,96.5034965034965,93.61702127659575,86.04651162790698,92.96187683284458
7000,94.71153846153847,94.42622950819673,88.6178861788618,89.1891891891892,93.33333333333333,95.1923076923077,92.11822660098522,93.90243902439025,93.00699300699301,95.0354609929078,87.59689922480621,92.71051529116045
8000,97.11538461538461,93.44262295081967,86.99186991869918,90.990990990991,92.85714285714286,96.15384615384616,89.65517241379311,95.1219512195122,95.8041958041958,96.45390070921985,88.37209302325581,93.2132383745287
9000,94.71153846153847,93.11475409836065,87.8048780487805,91.44144144144144,94.76190476190476,96.63461538461539,92.11822660098522,95.73170731707317,95.1048951048951,95.74468085106383,88.37209302325581,93.25513196480938
10000,94.47115384615384,95.08196721311475,88.6178861788618,90.54054054054055,95.71428571428571,97.11538461538461,92.61083743842364,95.1219512195122,94.4055944055944,96.45390070921985,89.14728682170542,93.63217427733557
