,X_English,X_French,X_Spanish,X_Portugeese,X_Italian,X_Russian,X_Sweedish,X_Dutch,X_Turkish,X_German,X_Danish,Total
5000,86.29807692307692,87.8688524590164,82.11382113821138,81.53153153153153,85.23809523809524,83.17307692307692,86.69950738916256,82.92682926829268,90.9090909090909,83.68794326241135,79.06976744186046,84.7926267281106
6000,88.46153846153847,88.85245901639344,79.26829268292683,80.63063063063063,86.66666666666667,82.6923076923077,84.23645320197045,86.58536585365853,92.3076923076923,83.68794326241135,74.4186046511628,84.87641390867198
7000,88.70192307692308,90.49180327868852,80.48780487804878,83.33333333333333,91.42857142857143,87.98076923076923,86.20689655172414,88.41463414634147,95.8041958041958,88.65248226950355,77.51937984496124,87.3481357352325
8000,90.86538461538461,89.50819672131148,80.89430894308943,83.78378378378379,88.0952380952381,86.53846153846153,88.17733990147784,89.63414634146342,93.7062937062937,87.23404255319149,82.17054263565892,87.55760368663594
9000,90.38461538461539,88.19672131147541,81.30081300813008,81.98198198198199,89.52380952380952,85.09615384615384,86.20689655172414,86.58536585365853,95.1048951048951,88.65248226950355,78.29457364341086,86.76162547130289
10000,91.58653846153847,88.85245901639344,84.95934959349593,84.68468468468468,91.42857142857143,90.38461538461539,87.6847290640394,89.02439024390245,95.1048951048951,88.65248226950355,80.62015503875969,88.73062421449518
